,R2,MAE,RMSE
0,0.7824370312652331,29.151103328680723,37.89592089712372
